TICKER;PRECO;ULTIMO DIVIDENDO;DY;VALOR PATRIMONIAL COTA;P/VP;LIQUIDEZ MEDIA DIARIA;PERCENTUAL EM CAIXA;CAGR DIVIDENDOS 3 ANOS; CAGR VALOR CORA 3 ANOS;PATRIMONIO;N COTISTAS;GESTAO; N COTAS
THRA11;138,50;0,130000;0,00;9,54;14,52;;140,47;90,73;-0,14;14.050.683,35;2.084,00;Passiva;1.472.728,00
LPLP11;0,00;7,790589;0,00;568,94;;;0,22;;;127.061.568,70;4,00;Ativa;223.330,00
BLUR11;100,71;1,030000;11,25;100,87;1,00;815,22;6,03;;;9.077.966,57;89,00;Ativa;90.000,00
CXAG11;75,95;0,750000;12,24;114,69;0,66;94.719,07;0,08;;;239.776.557,58;11.491,00;Ativa;2.090.621,00
PLRI11;22,83;0,153959;9,48;32,26;0,71;1.971,28;1,06;-9,14;-18,39;30.789.060,58;796,00;Ativa;954.304,00
CJFI11;0,00;;0,00;2,59;;;1,05;;;136.395.487,62;1,00;Ativa;52.601.278,00
CFII11;0,00;;0,00;974,65;;;25,75;;;28.831.984,87;56,00;Ativa;29.582,00
BREV11;120,00;0,410000;6,66;121,30;0,99;2.022,00;4,15;19,76;;117.322.323,15;188,00;Ativa;967.201,00
MCHY11;110,00;1,400000;17,00;100,02;1,10;21.001,41;10,42;;;359.057.917,00;581,00;--;3.589.771,00
CYCR11;8,00;0,100000;16,40;9,55;0,84;409.183,64;17,06;;;155.882.056,48;6.489,00;Ativa;16.315.840,00
GCRI11;91,55;1,100000;16,61;93,73;0,98;202.899,11;0,96;;;111.618.540,20;3.810,00;Ativa;1.190.790,00
VJFD11;0,00;1,015000;0,00;136,10;;;1,24;;;663.648.757,82;97,00;Ativa;4.876.129,00
SPVJ11;0,00;0,670000;0,00;116,26;;;2,33;;;733.831.751,00;31,00;Ativa;6.312.090,00
RBCB11;19,00;0,300000;0,00;0,00;;;;-15,04;;0,00;462,00;Ativa;53.100,00
SFRO11;0,00;;0,00;5,93;;;102,53;;;5.191.438,53;20,00;Passiva;875.758,00
CPFF11;59,50;0,340000;11,38;77,44;0,77;353.502,46;0,96;-0,82;-12,06;197.712.406,11;11.748,00;Ativa;2.553.074,00
BCFF11;62,18;0,560000;10,78;73,67;0,84;2.023.023,79;5,95;5,97;-10,81;1.855.471.697,70;310.386,00;Ativa;25.186.378,00
PRTS11;117,70;0,054870;0,05;0,06;1.961,67;;103,36;;;3.111.607,44;11,00;Ativa;55.727.500,00
WHGR11;8,50;0,100000;9,88;9,96;0,85;543.734,14;1,27;;;249.780.753,10;3.559,00;Ativa;25.089.531,00
LASC11;104,50;0,910000;8,92;106,30;0,98;2.642,00;9,05;24,51;;312.550.406,70;353,00;Ativa;2.940.298,00
PATC11;65,00;0,220000;6,77;76,50;0,85;214.889,04;0,99;8,50;-9,77;266.018.976,86;8.307,00;Ativa;3.477.434,00
CBOP11;40,30;0,120000;15,66;73,87;0,55;33.763,25;1,43;2,44;-21,08;104.523.734,87;3.756,00;Passiva;1.415.000,00
VILG11;84,00;0,530000;9,89;112,05;0,75;2.513.874,00;0,57;7,23;-9,68;1.680.476.898,92;157.293,00;Ativa;14.997.396,00
PABY11;12,59;;0,00;-16,53;;3.361,89;;;-5,92;-12.536.949,41;698,00;Passiva;758.400,00
VISC11;103,50;0,800000;8,63;124,34;0,83;2.439.466,61;3,60;30,21;-1,41;2.311.553.641,72;238.692,00;Ativa;18.591.052,00
VLIQ11;0,00;;0,00;0,00;;;;;;0,00;1,00;Ativa;0,00
RBRX11;82,60;1,050000;14,19;93,71;0,88;659.082,71;4,31;;;176.246.204,73;3.556,00;Ativa;1.880.688,00
GTWR11;77,30;0,790000;11,68;94,74;0,82;701.152,79;1,00;3,12;-9,99;1.136.832.641,35;26.661,00;Ativa;12.000.000,00
CACR11;103,56;1,420000;16,90;104,75;0,99;440.210,64;2,30;;;189.335.299,01;9.048,00;Ativa;1.807.434,00
MOFF11;0,00;;0,00;906,64;;;0,23;;;190.453.540,67;3,00;Ativa;210.066,00
HCTR11;72,54;0,700000;20,50;120,55;0,60;7.805.962,14;1,16;-11,74;-14,33;2.662.283.878,50;211.847,00;Ativa;22.084.202,00
NVHO11;11,50;0,083207;8,34;13,96;0,82;1.635,57;1,48;1,67;3,08;579.233.139,26;2.243,00;Ativa;41.494.533,00
VVPR11;101,50;0,892340;5,49;98,03;1,04;1.249.061,55;1,27;;-0,65;226.032.234,18;1.372,00;Ativa;2.305.771,00
CXCO11;68,06;0,510000;13,42;99,34;0,69;162.346,36;1,41;;;389.867.445,16;13.301,00;Passiva;3.924.500,00
BARI11;79,40;0,900000;16,88;95,20;0,83;775.796,11;4,71;1,04;-7,11;441.182.476,84;39.858,00;Ativa;4.634.191,00
RZTR11;85,20;0,850000;16,21;96,50;0,88;3.051.506,11;4,12;;;1.066.113.876,24;81.456,00;Ativa;11.048.018,00
MFAI11;57,40;0,570000;13,38;68,59;0,84;46.219,57;0,61;;;21.679.671,82;3.518,00;Ativa;316.074,00
HUSC11;100,00;0,850000;10,66;146,44;0,68;7.248,38;0,67;7,35;-11,65;116.361.286,88;756,00;Passiva;794.613,00
PRZS11;0,00;;0,00;152,16;;;0,28;;;103.559.710,99;20,00;Ativa;680.619,00
BBFI11B;1.386,70;27,081678;23,31;2.825,95;0,49;454.920,43;6,58;2,98;-15,09;367.372.921,94;8.335,00;Passiva;130.000,00
DAMT11B;14,40;0,105251;2,90;13,19;1,09;2.039,36;1,56;;;96.386.872,04;578,00;Passiva;7.305.341,00
ERPA11;123,96;0,657006;5,29;137,06;0,90;64.316,44;1,02;;;68.656.083,51;330,00;Passiva;500.922,00
ALMI11;800,51;0,371133;0,00;2.020,24;0,40;29.545,52;1,70;;-23,67;224.603.756,71;2.565,00;Passiva;111.177,00
BBPO11;82,70;0,900000;13,16;100,75;0,82;1.497.666,75;4,62;-5,43;-16,49;1.603.971.546,08;74.456,00;Passiva;15.919.690,00
BCRI11;82,20;0,800000;17,21;100,38;0,82;757.509,18;5,05;10,60;-7,84;628.182.442,20;47.224,00;Ativa;6.257.873,00
AURB11;0,00;0,550000;0,00;90,15;;;1,29;;;79.378.141,95;5,00;Ativa;880.560,00
HBRH11;91,90;0,609300;8,56;113,19;0,81;30.076,63;0,83;-1,01;;313.796.960,50;1.265,00;Ativa;2.772.204,00
RINV11;95,50;0,900000;1,83;96,76;0,99;385.801,94;6,42;;;29.040.227,40;76,00;Ativa;300.129,00
XPPR11;25,79;0,100000;15,32;74,55;0,35;493.088,21;1,94;-20,16;-33,09;545.397.975,50;67.546,00;Ativa;7.316.171,00
KISU11;7,94;0,075000;11,46;8,50;0,93;770.155,54;2,17;;;375.784.403,68;118.229,00;Ativa;44.196.050,00
ARFI11B;479,99;;0,00;651,70;0,74;;1,52;;;74.329.618,05;28,00;Ativa;114.054,00
MORE11;61,03;0,660000;13,04;81,30;0,75;353.408,64;2,14;;;188.535.634,82;17.743,00;Ativa;2.319.115,00
SNFF11;85,45;0,650000;10,83;86,42;0,99;453.202,61;0,98;;;244.578.976,26;33.268,00;Ativa;2.830.000,00
HSAF11;76,75;0,900000;15,64;91,07;0,84;456.373,82;3,25;;;230.072.809,20;8.233,00;Ativa;2.526.360,00
BLMG11;65,33;0,780000;14,65;94,91;0,69;525.224,82;3,92;;;361.649.669,40;12.271,00;Ativa;3.810.588,00
ONEF11;171,92;0,980000;6,51;201,53;0,85;67.148,36;1,09;13,95;4,30;183.590.865,67;3.275,00;Passiva;911.000,00
JSRE11;62,66;0,460000;9,33;112,82;0,56;1.930.215,36;0,12;-0,29;-14,71;2.342.973.830,47;87.407,00;Ativa;20.767.328,00
BPML11;57,52;0,270465;4,77;124,12;0,46;12.998,07;0,84;;-19,44;534.355.401,39;1.587,00;Passiva;4.305.079,00
JCDA11;0,00;;0,00;10,91;;;3,15;;;156.014.386,02;50,00;Passiva;14.304.223,00
MORC11;94,68;1,150000;16,32;97,62;0,97;265.770,21;2,20;;;126.115.677,34;4.730,00;Ativa;1.291.942,00
SOLR11;1.128,06;8,746402;8,53;916,19;1,23;1.058,50;0,14;;;57.612.475,10;52,00;Ativa;62.883,00
REIT11;180,00;2,780000;18,14;284,80;0,63;1.550,25;6,31;;-47,77;7.487.655,25;66,00;Ativa;26.291,00
CXCE11B;39,60;0,411111;11,65;65,61;0,60;13.943,18;6,67;-23,53;-25,25;112.388.124,70;4.034,00;Passiva;1.712.950,00
BTWR11;107,00;0,400000;5,34;111,54;0,96;214,00;2,07;;;90.269.881,80;64,00;Passiva;809.269,00
BLCA11;115,00;0,580000;5,62;142,58;0,81;24.558,83;4,13;;;228.125.530,48;143,00;Ativa;1.600.000,00
DPRO11;96,80;0,850000;8,01;96,04;1,01;1.697,67;6,53;;;35.679.316,70;145,00;Ativa;371.500,00
SEED11;100,00;1,070000;13,54;84,00;1,19;406.666,67;1,51;;;137.759.520,72;112,00;Ativa;1.640.000,00
PNLN11;0,00;;0,00;57,49;;;31,67;;;758.600,89;51,00;Ativa;13.196,00
MGCR11;79,45;0,858597;16,41;89,75;0,89;140.258,89;5,11;;;127.656.475,61;4.127,00;Ativa;1.422.304,00
VGHF11;9,11;0,100000;14,82;9,12;1,00;2.244.294,75;2,29;;;664.534.710,90;225.496,00;Ativa;72.889.247,00
RECT11;51,04;0,540000;11,95;93,42;0,55;452.965,25;2,17;-12,46;-19,95;798.131.351,87;77.186,00;Ativa;8.543.493,00
VSHO11;64,60;0,650000;11,28;99,43;0,65;25.999,07;1,82;11,72;-15,22;208.675.763,86;2.710,00;Ativa;2.098.800,00
SNEL11;100,00;;0,00;94,04;1,06;;29,22;;;47.024.158,51;3.363,00;Ativa;500.026,00
ROOF11;770,00;7,919913;5,13;689,38;1,12;770,00;7,08;;;53.423.763,21;75,00;Ativa;77.495,00
VXXV11;990,00;10,760000;0,00;941,31;1,05;3.500.640,00;0,17;;;249.711.450,21;22,00;Ativa;265.282,00
CNES11;30,00;0,129725;4,24;89,35;0,34;4.418,54;5,45;-24,43;-25,31;263.516.534,26;1.851,00;Ativa;2.949.248,00
BMII11;0,00;0,228341;0,00;473,27;;;1,39;;;68.009.067,24;12,00;Passiva;143.700,00
BLMC11;75,00;0,810000;15,80;96,08;0,78;3.430,54;3,85;;;38.382.613,19;420,00;Ativa;399.500,00
HAAA11;65,90;0,470000;9,82;89,28;0,74;2.871,05;1,18;;;308.451.867,92;185,00;Ativa;3.455.000,00
HGRS11;0,00;;0,00;101,33;;;12,92;;;151.277.514,01;6,00;Ativa;1.492.940,00
KNRI11;134,62;0,950000;7,98;159,89;0,84;3.023.802,32;1,97;10,87;-3,56;3.862.362.439,82;244.779,00;Ativa;24.157.121,00
XPSF11;6,98;0,076000;12,58;8,14;0,86;721.490,11;0,99;0,79;-7,08;352.455.905,77;38.832,00;Ativa;43.302.140,00
NCRI11;9,57;0,110000;3,55;10,10;0,95;33.962,08;8,26;;;39.894.696,81;57,00;Ativa;3.949.999,00
NEWL11;99,97;0,930000;11,76;120,10;0,83;103.234,18;3,34;9,33;-5,38;244.177.290,35;3.732,00;Ativa;2.033.099,00
WPLZ11;63,01;0,450000;8,49;87,83;0,72;4.150,61;2,17;-3,04;-13,69;89.651.439,97;1.835,00;Passiva;1.020.747,00
TRNT11;108,99;0,400000;3,84;196,66;0,55;15.388,25;0,72;-8,01;-17,63;773.950.568,58;716,00;Passiva;3.935.562,00
ESTQ11;0,00;;0,00;0,06;;;38,96;;;4.092.289,40;5,00;Ativa;65.361.974,00
HBCR11;114,39;0,572983;5,11;101,94;1,12;1.363,00;3,77;;;108.649.184,33;40,00;Ativa;1.065.777,00
WTSP11B;37,00;0,200002;3,60;72,47;0,51;15.508,25;0,51;-3,98;-13,89;71.930.941,49;203,00;Ativa;992.565,00
OURE11;73,79;1,000000;16,67;90,52;0,82;170.218,21;1,29;17,94;-7,92;97.497.098,76;5.683,00;Ativa;1.077.087,00
TOUR11;8,80;0,242328;0,00;0,00;;;;;;0,00;0,00;Ativa;0,00
IBCR11;75,98;0,900000;15,99;93,91;0,81;240.603,64;13,38;;;90.007.052,95;3.970,00;Ativa;958.423,00
VIFI11;6,86;0,065000;10,80;8,63;0,79;69.643,75;6,11;;;69.794.791,27;6.929,00;Ativa;8.089.190,00
RMAI11;50,19;0,260000;6,22;107,82;0,47;21.729,32;0,55;;;263.485.516,14;1.185,00;Ativa;2.443.800,00
WSEC11;91,05;1,100000;6,75;101,82;0,89;16.055,46;2,61;;;25.011.914,64;455,00;Ativa;245.651,00
OUJP11;91,07;1,250000;16,91;99,79;0,91;1.038.372,68;8,33;25,62;-2,42;324.547.926,63;27.005,00;Ativa;3.252.384,00
RBHY11;92,88;1,200000;17,01;94,70;0,98;109.703,04;6,57;;;179.305.483,98;3.713,00;Ativa;1.893.505,00
JASC11;101,00;0,430000;3,04;117,59;0,86;101,00;0,52;;;214.046.825,88;69,00;Ativa;1.820.287,00
HUCG11;68,70;0,260000;10,41;101,47;0,68;5.929,64;59,81;;;113.844.325,58;212,00;Passiva;1.122.000,00
LIFE11;9,99;0,135000;13,92;10,13;0,99;11.324,11;8,36;;;173.389.173,12;859,00;Ativa;17.110.848,00
BNFS11;118,00;1,348876;14,55;91,39;1,29;69.559,89;5,96;13,93;0,86;63.975.331,10;4.015,00;Ativa;700.000,00
QIRI11;78,04;0,660000;5,16;89,61;0,87;6.867,57;100,31;;;13.441.852,95;173,00;Ativa;150.000,00
BTSI11;0,00;0,710000;0,00;104,29;;;0,03;;;195.024.485,24;91,00;Ativa;1.870.000,00
RSPD11;1.125,00;8,370450;3,86;1.148,04;0,98;;1,31;;;171.070.236,81;105,00;Ativa;149.011,00
MGHT11;60,60;0,800000;13,53;84,71;0,72;103.534,21;8,97;;;111.293.895,34;2.752,00;--;1.313.784,00
RBOP11;467,00;8,250000;27,03;771,02;0,61;76.457,89;7,11;9,37;-24,16;78.384.711,06;3.646,00;Ativa;101.664,00
BLCP11;91,00;0,563428;4,45;111,74;0,81;103.127,50;1,06;;;256.580.339,90;279,00;Ativa;2.296.282,00
RECX11;62,00;0,696920;14,57;76,89;0,81;6.737,82;0,69;;;16.785.344,48;681,00;Ativa;218.313,00
RBRI11;999,89;35,620000;0,00;1.218,47;0,82;98.989,00;0,64;;;158.341.951,92;84,00;--;129.951,00
SHOP11;75,00;;0,00;45,95;1,63;228,50;6,11;;;68.065.089,14;27,00;Ativa;1.481.266,00
RBGS11;28,45;0,176600;0,00;90,78;0,31;;0,52;4,91;-17,68;97.865.283,71;2.808,00;Passiva;1.078.000,00
TORD11;5,03;0,050000;17,43;13,99;0,36;503.177,04;0,46;;;490.440.876,72;109.225,00;Ativa;35.051.354,00
IBFF11;66,40;0,296485;3,42;14,78;4,49;162.549,50;101,13;;-8,26;9.855.905,16;3.870,00;Ativa;666.681,00
TORM13;142,00;10,562960;0,00;0,00;;;;;;0,00;0,00;Ativa;0,00
NPAR11;12,82;1,196695;0,00;14,07;0,91;3.347,73;100,00;;;1.682.250,84;772,00;Ativa;119.589,00
CARE11;2,13;0,008385;0,00;8,14;0,26;21.999,64;0,33;;-23,19;291.093.995,38;11.984,00;Ativa;35.769.919,00
TFOF11;138,00;2,370000;0,00;121,20;1,14;;13,36;29,98;2,67;103.080.374,68;3.278,00;Ativa;850.530,00
GTLG11;95,81;0,700000;8,77;93,92;1,02;15.518,89;4,32;;;673.719.858,78;136,00;Ativa;7.173.000,00
ALZR11;112,10;0,805560;12,66;106,01;1,06;969.363,25;5,89;32,20;3,20;733.923.761,30;119.345,00;Ativa;6.922.906,00
VTRT11;0,00;0,107508;0,00;100,80;;;20,14;;;1.030.654.046,20;499,00;Ativa;10.224.963,00
VERE11;233,49;2,070000;14,45;334,59;0,70;;0,67;16,16;;191.065.487,16;54,00;Ativa;571.038,00
RDPD11;26,86;0,370000;22,71;28,25;0,95;13.079,21;1,71;11,25;-31,21;30.458.260,17;1.621,00;Ativa;1.078.042,00
XPIN11;71,20;0,650000;10,55;103,50;0,69;421.825,29;3,83;0,63;-15,78;740.047.972,60;46.043,00;Ativa;7.150.422,00
BRHT11B;86,80;;0,00;77,10;1,13;;2,01;;;141.984.814,41;11,00;Ativa;1.841.677,00
HGRE11;110,37;0,780000;8,69;156,98;0,70;1.949.679,36;0,05;6,59;-10,79;1.855.205.413,24;139.177,00;Ativa;11.817.767,00
HGRU11;115,80;0,850000;9,87;122,78;0,94;3.393.926,04;1,84;11,71;0,28;2.260.007.284,34;194.069,00;Ativa;18.406.458,00
HREC11;75,22;0,900000;15,89;88,41;0,85;763.025,68;1,13;;;455.921.879,22;1.010,00;Ativa;5.156.765,00
HLOG11;84,64;0,650000;9,22;116,36;0,73;28.788,89;2,09;0,52;-10,98;494.549.459,45;4.173,00;Ativa;4.250.000,00
JSAF11;77,80;0,930000;14,34;91,83;0,85;278.312,89;0,97;;;144.459.067,64;3.675,00;Ativa;1.573.047,00
FLMA11;120,00;0,780000;8,67;160,27;0,75;53.322,93;1,86;29,67;-5,68;221.279.915,81;16.968,00;Ativa;1.380.670,00
DVFF11;67,79;0,700000;13,23;88,28;0,77;22.276,93;6,25;;;97.193.956,72;681,00;Ativa;1.100.950,00
CCLB11;0,00;;0,00;58,66;;;6,18;;;36.952.853,99;21,00;Ativa;630.000,00
BBFO11;66,40;0,730000;13,42;79,17;0,84;196.303,36;0,58;;;316.997.914,16;5.183,00;Passiva;4.003.900,00
GSFI11;5,12;;0,00;14,16;0,36;20.379,36;0,81;;17,45;1.065.034.856,41;7.183,00;Ativa;75.198.136,00
ALZM11;85,00;0,870000;14,77;91,79;0,93;155.377,79;1,04;;;63.444.001,11;3.668,00;Ativa;691.192,00
HGLG11;160,49;1,100000;10,28;153,22;1,05;4.743.140,64;3,45;14,37;1,36;3.593.946.727,56;338.853,00;Ativa;23.456.675,00
MINT11;98,86;;0,00;133,32;0,74;197,00;6,31;;;69.325.737,79;68,00;Ativa;520.000,00
SPXS11;80,30;0,910000;5,83;94,30;0,85;176.717,93;22,30;;;116.763.290,52;1.829,00;Ativa;1.238.196,00
SNLG11;39,31;0,350000;11,98;61,48;0,64;62.601,79;29,08;;;116.088.485,68;3.940,00;Ativa;1.888.174,00
TCIN11;129,23;;0,00;126,06;1,03;387,00;0,04;;;104.783.844,73;133,00;Ativa;831.197,00
JRDM11;78,00;1,140000;9,25;89,28;0,87;30.101,07;0,60;18,95;-4,66;225.243.958,17;4.241,00;Passiva;2.522.968,00
PRSV11;125,01;1,620000;0,00;219,14;0,57;1.862,85;10,42;28,92;-32,19;42.731.432,05;1.025,00;Passiva;195.000,00
PQDP11;2.011,33;17,342905;9,13;3.125,39;0,64;130.200,50;1,98;7,25;-15,21;767.323.452,22;4.005,00;Passiva;245.513,00
HDEL11;104,30;1,950000;3,70;85,00;1,23;8.686,67;100,24;;;3.568.448,67;52,00;Passiva;41.983,00
JCDB11;0,00;;0,00;138,88;;;0,39;;;106.865.143,93;58,00;Ativa;769.499,00
MAXR11;63,26;0,543076;11,90;123,50;0,51;133.985,21;1,08;-3,55;-14,60;139.022.535,82;4.195,00;Ativa;1.125.655,00
SADI11;89,45;1,070000;13,87;98,63;0,91;484.564,11;2,22;67,83;0,65;313.671.106,73;9.250,00;Ativa;3.180.207,00
CPTS11;77,92;0,750000;13,09;87,82;0,89;5.750.886,82;3,79;6,10;-6,23;2.791.085.184,10;207.686,00;Ativa;31.782.814,00
CXCI11;75,95;0,830000;12,10;90,86;0,84;104.177,07;2,77;;;186.974.571,02;5.522,00;Ativa;2.057.726,00
APTO11;8,28;0,100000;15,70;9,95;0,83;86.545,04;14,53;;;39.933.777,14;5.694,00;Ativa;4.012.857,00
MGIM11;101,50;0,176173;0,17;98,41;1,03;;101,04;;;24.337.124,08;75,00;Ativa;247.300,00
SPMO11;99,00;0,430000;0,43;112,23;0,88;327,67;0,09;;;202.882.023,59;6,00;Ativa;1.807.730,00
FVPQ11;95,19;0,620000;9,96;191,46;0,50;41.554,39;1,92;-12,34;-19,41;536.125.450,99;3.998,00;Passiva;2.800.149,00
SDIL11;88,50;0,830000;10,67;97,57;0,91;701.550,86;1,10;13,89;-1,64;623.975.372,70;65.802,00;Ativa;6.395.050,00
LOFT11B;29,90;0,201705;0,00;15,25;1,96;;10,14;;-33,85;29.932.329,65;1,00;Ativa;1.962.500,00
GAME11;8,64;0,100000;15,05;9,79;0,88;93.840,82;0,52;;;212.457.485,59;19.752,00;Ativa;21.697.877,00
RBVA11;91,11;0,950000;13,24;106,60;0,85;912.429,46;0,94;4,89;-10,24;1.235.324.531,19;45.953,00;Ativa;11.588.199,00
RBRY11;95,50;1,150000;13,62;99,78;0,96;1.279.848,57;8,68;20,15;-2,49;553.436.918,69;28.463,00;Ativa;5.546.804,00
FMOF11;55,00;0,310000;0,82;118,73;0,46;243,88;1,42;18,01;-16,72;60.314.340,44;288,00;Passiva;508.008,00
EURO11;233,96;1,870000;9,33;325,15;0,72;72.284,14;1,48;20,42;15,46;124.835.470,95;2.541,00;Passiva;383.936,00
ERCR11;76.000,00;139,449698;7,67;65.128,34;1,17;;0,19;;;154.744.932,02;10,00;Passiva;2.376,00
VLJS11;1.141,14;28,819221;0,00;1.026,92;1,11;;4,96;;;26.770.292,70;9,00;Passiva;26.068,00
KNIP11;90,20;0,910000;13,16;93,78;0,96;7.402.033,43;2,93;5,81;-6,68;7.509.519.400,05;68.845,00;Ativa;80.078.186,00
HCST11;61,01;;0,00;99,62;0,61;61,00;4,59;;;46.561.742,85;75,00;Ativa;467.414,00
BIME11;7,07;0,080000;17,96;8,94;0,79;75.909,29;2,10;;;52.284.897,57;6.680,00;Ativa;5.845.602,00
RECR11;81,94;0,910000;14,84;95,33;0,86;3.743.113,36;1,33;-0,69;-4,84;2.520.797.688,65;183.801,00;Ativa;26.441.650,00
HGFF11;68,89;0,650000;11,15;84,57;0,81;621.653,57;3,88;3,63;-8,89;242.184.404,12;9.698,00;Ativa;2.863.597,00
QAMI11;79,03;0,950000;15,54;91,49;0,86;20.926,64;3,48;;;73.317.528,67;1.498,00;Ativa;801.398,00
EGYR11;1,10;;0,00;12,40;0,09;43.743,82;0,00;;;93.276.676,40;25,00;Passiva;7.524.543,00
JTPR11;2.517,00;1,630372;0,00;81,92;30,73;;7,57;;;17.585.330,32;8,00;Ativa;214.674,00
SALI11;0,00;;0,00;101,40;;;5,51;;;8.068.136,19;1,00;Passiva;79.565,00
GGRC11;102,01;0,950000;11,16;124,81;0,82;1.211.768,14;5,76;10,39;-5,27;1.015.193.319,92;102.309,00;Ativa;8.134.118,00
FPAB11;134,51;1,520000;14,34;375,20;0,36;18.970,07;1,81;-1,98;-28,82;281.400.133,14;963,00;Passiva;750.000,00
URPR11;95,31;1,300000;18,34;99,06;0,96;2.691.142,57;9,76;-2,88;;1.156.551.277,20;92.541,00;Ativa;11.675.248,00
TBOF11;15,56;0,822740;5,29;0,21;74,10;;492,15;74,62;-45,86;2.097.587,74;9.180,00;Passiva;10.050.000,00
PNPR11;100,00;;0,00;99,07;1,01;25.000,00;0,40;;;85.591.631,55;23,00;Ativa;863.967,00
STRX11;8,52;0,780000;106,22;148,19;0,06;;0,76;-70,72;;239.120.300,39;55,00;Ativa;1.613.559,00
BLMR11;6,17;0,065000;14,15;7,52;0,82;382.065,96;2,74;;;192.139.436,48;17.777,00;Ativa;25.541.630,00
MFCR11;103,90;0,970000;6,30;100,61;1,03;629,33;2,95;;;10.184.333,79;96,00;Ativa;101.230,00
RCFF11;100,00;1,231214;2,98;88,81;1,13;14.913,57;11,90;;;28.704.832,95;84,00;Ativa;323.200,00
FINF11;0,00;0,268812;0,00;40,55;;;2,27;-1,72;;33.252.988,45;4,00;Ativa;820.112,00
JFLL11;58,95;0,620000;12,74;101,03;0,58;63.252,93;2,38;;;151.606.858,87;4.161,00;Ativa;1.500.598,00
VRTA11;85,70;0,950000;14,89;90,81;0,94;2.294.150,21;4,06;12,22;-8,31;1.415.905.408,76;119.228,00;Ativa;15.592.424,00
BMLC11;100,98;0,690000;8,98;113,46;0,89;26.621,32;3,20;9,40;3,53;113.282.862,37;1.438,00;Ativa;998.405,00
RNGO11;47,47;0,430000;10,51;86,59;0,55;84.910,57;1,94;-1,62;-15,38;231.716.213,79;11.931,00;Passiva;2.676.000,00
BBIM11;0,00;0,150000;0,00;29,87;;;3,27;-15,62;;30.913.214,77;1,00;Ativa;1.035.000,00
VSLH11;7,18;0,060000;17,28;10,48;0,69;1.019.951,82;1,15;;;313.054.506,69;92.564,00;Ativa;29.864.091,00
FATN11;94,58;0,740000;10,70;99,44;0,95;136.611,32;4,02;;;120.838.445,94;919,00;Ativa;1.215.179,00
BTSG11;100,00;0,870000;10,07;137,68;0,73;100,00;0,78;;;106.703.403,82;56,00;Ativa;775.015,00
VTVI11;0,00;;0,00;35,96;;;1,34;;;64.045.720,30;1,00;Ativa;1.780.984,00
VTLT11;89,50;0,880000;11,24;100,72;0,89;198.062,07;2,92;4,87;-6,36;213.026.240,91;6.280,00;Ativa;2.115.000,00
BTCI11;8,88;0,106000;15,02;10,07;0,88;1.014.456,36;8,14;12,72;-55,61;1.001.785.062,11;37.181,00;Ativa;99.521.172,00
HABT11;87,20;1,200000;15,88;99,75;0,87;1.696.134,21;5,13;2,42;-4,34;810.671.378,92;68.688,00;Ativa;8.126.783,00
GCFF11;68,15;0,700000;13,18;79,46;0,86;33.368,78;0,81;;;26.903.483,90;1.958,00;Ativa;338.598,00
RBHG11;83,00;1,050000;16,99;92,52;0,90;253.999,18;2,94;32,79;-2,81;159.833.690,61;7.576,00;Ativa;1.727.582,00
KIVO11;91,00;1,200000;17,36;96,54;0,94;182.264,25;14,94;;;117.309.545,06;1.449,00;Ativa;1.215.124,00
SJAU11;90,00;;0,00;102,43;0,88;1.766,60;0,04;;;812.534.495,67;142,00;Passiva;7.932.248,00
OULG11;37,71;0,410000;4,06;67,22;0,56;46.308,32;2,24;-20,16;-26,51;166.782.420,80;5.225,00;Ativa;2.481.284,00
PQAG11;52,00;0,440000;9,77;57,24;0,91;4.369,55;0,01;;;800.863.763,13;465,00;Ativa;13.991.890,00
BRIX11;0,00;;0,00;915,36;;;0,43;;;58.518.916,50;54,00;Ativa;63.929,00
VTXI11;0,00;;0,00;11,76;;;34,56;;;1.217.611,13;2,00;Ativa;103.500,00
HTMX11;105,83;0,626698;6,21;138,75;0,76;274.543,21;3,54;10,66;-8,65;208.729.898,34;26.023,00;Ativa;1.504.334,00
NAVT11;71,87;0,850000;14,08;87,55;0,82;403.957,29;2,61;;;92.326.825,95;1.678,00;Ativa;1.054.507,00
GALG11;8,28;0,082000;11,81;9,32;0,89;419.668,57;0,96;;;535.708.118,61;25.166,00;Ativa;57.485.300,00
VVCO11;8,99;0,323281;0,00;13,74;0,65;15.024,89;1,35;;-0,95;68.886.074,23;3.984,00;Ativa;5.014.556,00
FRHY11;0,00;1,030000;0,00;100,53;;;8,37;;;13.119.272,40;7,00;Ativa;130.500,00
FCFL11;109,24;0,803899;8,99;116,17;0,94;308.815,54;0,60;14,36;-0,23;403.561.990,48;3.794,00;Ativa;3.474.010,00
ATSA11;74,03;0,050000;0,47;81,55;0,91;453,82;1,94;1,98;-18,94;142.803.950,32;281,00;Passiva;1.751.141,00
SNCI11;97,30;1,000000;14,65;97,40;1,00;813.403,36;0,98;;;409.072.527,24;44.488,00;Ativa;4.200.000,00
MCHF11;8,99;0,100000;13,46;9,43;0,95;1.294.601,68;2,76;;;304.515.100,86;38.439,00;Ativa;32.307.646,00
ZAVI11;126,00;1,050000;4,43;127,55;0,99;69.715,17;4,76;;;118.179.259,04;96,00;Ativa;926.518,00
RBRL11;72,00;0,580000;10,76;106,07;0,68;450.560,11;1,41;-0,32;;709.284.653,49;10.321,00;Ativa;6.687.035,00
OUFF11;61,30;0,700000;14,11;73,72;0,83;148.553,50;1,54;4,52;-14,36;133.752.075,39;8.337,00;Ativa;1.814.336,00
BCIA11;81,62;0,780000;10,94;96,92;0,84;379.251,68;0,10;2,47;-22,00;360.458.463,59;14.134,00;Ativa;3.719.038,00
RBLG11;93,19;0,880000;10,90;99,35;0,94;314.935,56;1,67;;;63.604.334,23;178,00;Ativa;640.199,00
BPFF11;59,25;0,620000;13,59;71,74;0,83;350.664,00;3,98;7,95;-16,70;322.269.846,68;19.420,00;Ativa;4.492.326,00
MVFI11;0,00;;0,00;1,51;;;0,68;;;118.213.535,72;1,00;Ativa;78.155.673,00
SPAF11;0,00;5,974761;0,00;994,13;;;0,84;37,04;;11.203.886,46;1,00;Ativa;11.270,00
DLMT11;0,00;0,007684;0,00;0,65;;;2,13;;;8.615.285,97;9,00;Ativa;13.225.796,00
PATB11;0,00;6,473025;0,00;148,83;;;3,16;;;568.861.087,36;57,00;Ativa;3.822.328,00
VIUR11;6,46;0,072000;13,41;9,19;0,70;340.443,50;8,47;;;247.505.992,49;13.081,00;Ativa;26.946.220,00
CJCT11;67,52;0,330000;0,00;65,80;1,03;13.808,62;5,45;;5,08;206.620.369,41;1.201,00;Passiva;3.140.000,00
XPCI11;81,24;1,000000;14,02;90,71;0,90;2.216.617,86;3,38;14,09;-4,06;789.309.106,50;71.969,00;Ativa;8.701.551,00
ITIP11;76,70;0,880000;14,05;78,75;0,97;64.915,82;1,57;;;58.916.480,43;2.526,00;Passiva;748.151,00
HGIC11;99,31;0,854232;12,30;115,39;0,86;13.240,26;21,26;;;53.391.265,10;405,00;Ativa;462.706,00
MMPD11;0,00;;0,00;104,26;;;2,72;;;55.257.433,41;48,00;Ativa;530.000,00
FTCE11B;2.870,00;86,123246;7,74;2.837,41;1,01;4.772.810,00;2,31;;;2.695.032.612,50;57,00;Ativa;949.822,00
HSRE11;102,50;0,630000;7,10;96,40;1,06;377.542,13;2,40;;;821.157.862,30;186,00;Ativa;8.518.064,00
BICR11;100,57;0,720000;9,79;99,46;1,01;965,80;36,19;46,70;0,19;49.727.672,72;535,00;Ativa;500.000,00
EDFO11B;200,00;1,670307;9,99;180,63;1,11;4.207,93;1,74;3,62;-5,90;42.629.769,94;546,00;Passiva;236.000,00
KNRE11;0,64;0,037742;53,90;0,76;0,84;10.764,39;16,90;;-50,26;14.036.869,14;5.821,00;Ativa;18.547.161,00
DOVL11B;21,39;30,210335;263,87;1.201,04;0,02;;3,76;;;79.756.366,36;52,00;Ativa;66.406,00
LRDI11;0,00;;0,00;98,66;;;16,67;;;27.070.712,60;18,00;Ativa;274.379,00
NSLU11;166,88;1,514207;6,39;199,02;0,84;136.711,25;3,00;-14,53;-10,40;257.396.219,64;6.635,00;Passiva;1.293.286,00
VSEC11;44,00;0,130000;8,50;101,02;0,44;7.040,00;72,75;;;6.337.679,19;65,00;Ativa;62.735,00
TSNC11;0,00;0,625958;0,00;88,14;;;5,33;-23,66;;95.792.432,92;66,00;Ativa;1.086.780,00
VOTS11;83,00;1,100000;15,64;93,10;0,89;9.813,21;4,30;48,05;-4,23;77.081.125,01;567,00;Ativa;827.913,00
CYLD11;0,00;;0,00;101,94;;;19,94;;;63.384.028,14;46,00;Ativa;621.750,00
SRVD11;7,00;0,200000;2,86;0,74;9,46;72,38;1,38;;;71.282.243,86;99,00;Ativa;96.286.020,00
FLCR11;94,70;1,150000;15,14;98,27;0,96;45.811,36;10,88;;;62.261.956,25;2.789,00;Ativa;633.604,00
VINO11;43,54;0,310000;9,23;54,80;0,79;1.227.685,04;3,61;-4,18;-8,85;907.780.630,41;124.619,00;Ativa;16.565.259,00
AQLL11;385,03;;0,00;989,92;0,39;;0,33;;;144.348.099,78;56,00;Ativa;145.817,00
VDSV11;0,00;;0,00;927,16;;;1,22;;;9.476.511,86;72,00;Ativa;10.221,00
RZAT11;84,90;0,960000;16,39;100,21;0,85;1.154.109,50;1,26;-13,49;-58,05;371.583.955,47;44.338,00;Ativa;3.708.168,00
RELG11;69,69;0,700000;13,46;121,90;0,57;63.642,86;3,13;;;162.678.938,67;7.634,00;Ativa;1.334.562,00
MMVE11;165,83;;0,00;159,18;1,04;331,00;1,44;;;74.018.059,95;13,00;Ativa;465.000,00
EDGA11;23,60;0,130000;6,73;61,30;0,39;70.168,50;1,48;-2,51;-15,42;233.668.180,11;6.024,00;Passiva;3.812.055,00
SPTW11;39,14;0,420000;12,47;55,78;0,70;122.932,25;6,06;-18,64;-19,13;100.300.542,07;32.144,00;Passiva;1.798.000,00
EQIR11;8,98;0,110000;92,46;9,65;0,93;39.835,75;4,33;;;48.471.011,55;2.692,00;Ativa;5.025.000,00
DMAC11;13,00;4,894618;0,00;4,99;2,61;;105,14;;-68,85;778.257,90;2.352,00;Passiva;156.108,00
PCAS11;0,00;;0,00;7.613,56;;;0,16;;;532.949.145,81;50,00;Passiva;70.000,00
PEMA11;48,93;0,232501;15,27;76,08;0,64;805,23;0,60;;;41.994.236,08;401,00;Ativa;552.000,00
SEQR11;59,07;0,690400;13,45;93,50;0,63;116.011,93;2,85;;;150.393.845,51;4.865,00;Ativa;1.608.552,00
HGCR11;101,90;1,200000;13,84;100,64;1,01;3.438.385,21;2,46;28,21;-0,03;1.551.733.628,04;84.297,00;Ativa;15.418.106,00
PLCR11;83,79;1,000000;15,52;90,42;0,93;317.912,89;12,72;30,13;-0,86;190.717.731,42;13.410,00;Ativa;2.109.169,00
BZLI11;17,00;;0,00;10,77;1,58;2.012,50;0,04;;5,45;448.299.746,09;18,00;Ativa;41.621.755,00
TRXB11;118,52;0,920000;9,22;115,20;1,03;1.005.754,76;4,22;;;314.564.299,30;188,00;Passiva;2.730.511,00
KINP11;10,31;0,195861;26,81;4,00;2,58;48.996,75;18,09;;-3,27;28.595.790,20;1.889,00;Ativa;7.147.934,00
RBRP11;44,12;0,270000;10,34;78,13;0,56;737.342,39;2,08;-9,02;-18,58;951.532.894,45;94.556,00;Ativa;12.179.186,00
HFOF11;65,00;0,630000;11,35;79,48;0,82;1.462.853,11;0,93;-2,20;-14,67;1.829.005.677,09;69.826,00;Ativa;23.012.000,00
HDOF11;130,00;;0,00;98,08;1,33;;1,58;;;168.560.551,22;109,00;Ativa;1.718.674,00
SHSO11;0,00;0,800000;0,00;84,29;;;10,93;;;8.429.184,28;1,00;Ativa;100.000,00
LKDV11;969,58;;0,00;998,17;0,97;775.664,00;1,19;;;66.688.718,24;68,00;Ativa;66.811,00
CCRF11;87,61;1,371532;13,66;94,90;0,92;4.782,42;5,32;;;149.178.347,27;285,00;Ativa;1.571.900,00
RBRR11;84,80;0,950000;12,88;94,47;0,90;3.800.653,89;5,63;22,74;-4,02;1.269.607.818,89;128.678,00;Ativa;13.438.908,00
XBXO11;0,00;;0,00;95,87;;;0,00;;;291.693.087,24;6,00;Ativa;3.042.600,00
TELD11;0,00;;0,00;100,66;;;29,59;;;47.286.186,22;2,00;Ativa;469.760,00
TRXF11;102,85;0,850000;10,35;104,28;0,99;2.816.632,57;5,03;11,76;-2,22;1.250.647.871,60;83.057,00;Ativa;11.992.687,00
RCFA11;2,72;;0,00;17,38;0,16;2.309,74;0,03;;37,78;10.148.326,90;278,00;Passiva;583.926,00
PVBI11;85,44;0,610000;8,03;102,84;0,83;2.727.374,36;1,75;;;1.032.454.038,52;88.760,00;Ativa;10.039.493,00
BPLC11;0,00;14,420464;0,00;9.776,35;;;3,96;;;312.843.040,47;114,00;Ativa;32.000,00
CFHI11;0,00;36,511390;0,00;669,09;;;1,35;;;63.295.894,29;54,00;Ativa;94.600,00
BBRC11;93,15;0,990000;13,71;107,83;0,86;107.588,18;4,85;0,54;-9,58;171.457.603,60;9.309,00;Passiva;1.590.000,00
KNHY11;96,51;1,080000;13,26;98,21;0,98;1.953.841,43;6,38;10,96;-4,84;1.816.005.470,21;14.423,00;Ativa;18.490.843,00
MXRF11;10,27;0,120000;12,27;10,11;1,02;6.023.905,36;2,95;14,02;0,89;2.286.074.354,00;777.034,00;Ativa;226.039.663,00
SFND11;83,07;4,250000;0,00;9,33;8,90;;15,54;116,69;;9.158.163,07;54,00;Passiva;981.472,00
FOFT11;123,00;1,900000;0,00;110,21;1,12;;5,10;-47,71;;131.819.480,59;3.846,00;Ativa;1.196.040,00
HSML11;78,70;0,740000;10,13;96,40;0,82;1.951.553,68;5,37;26,26;-7,94;1.521.256.135,18;149.241,00;Ativa;15.780.613,00
BIPD11;0,00;;0,00;981,35;;;15,77;;;18.204.129,67;243,00;Ativa;18.550,00
HRDF11;0,92;6,800000;0,00;1,24;0,74;397,04;45,56;;-25,33;9.383.092,29;1.260,00;Ativa;7.587.125,00
FLRP11;1.560,00;13,000000;8,88;1.826,81;0,85;7.996,44;2,60;15,92;3,18;119.166.577,69;804,00;Passiva;65.232,00
ZIFI11;1.115,00;3,304958;0,30;1.182,07;0,94;19.741,57;0,58;;;56.130.632,83;62,00;Ativa;47.485,00
HOSI11;60,00;0,420000;9,99;92,58;0,65;618.714,29;2,14;;-14,35;53.089.249,68;1.813,00;Ativa;573.450,00
VTPL11;0,00;5,110000;0,00;77,02;;;1,51;;;106.765.790,39;53,00;Ativa;1.386.242,00
HOFC11;24,88;0,110000;10,81;90,52;0,27;150.503,93;0,26;-17,51;-36,89;342.073.942,37;8.098,00;Ativa;3.779.001,00
RPRI11;98,94;1,200000;13,81;101,05;0,98;264.771,79;10,86;;;226.521.650,69;2.808,00;Ativa;2.241.755,00
MTOF11;0,00;;0,00;85,70;;;1,89;;;161.171.912,98;2,00;Ativa;1.880.743,00
RBFF11;48,21;0,490000;12,42;62,42;0,77;205.704,82;2,02;2,95;-18,73;234.029.872,24;20.221,00;Ativa;3.749.215,00
BRCR11;55,76;0,460000;10,26;99,62;0,56;1.505.883,57;1,03;0,76;-16,00;2.653.592.592,99;157.924,00;Ativa;26.638.202,00
PATL11;60,07;0,600000;11,62;98,02;0,61;613.175,71;0,84;;;489.269.975,99;24.158,00;Ativa;4.991.535,00
BRIM11;1.030,22;10,890000;12,06;1.099,42;0,94;1.020,40;3,23;;;136.479.584,88;209,00;Ativa;124.137,00
MALL11;99,49;0,780000;9,15;120,49;0,83;1.358.979,75;3,55;26,74;1,25;1.099.470.281,15;110.986,00;Ativa;9.124.659,00
RBRD11;33,81;0,320000;10,77;66,30;0,51;32.381,32;3,40;-44,86;-21,76;122.769.482,89;9.702,00;Passiva;1.851.786,00
KNPR11;0,00;2,500000;0,00;87,35;;;13,75;;;50.654.226,94;593,00;Ativa;579.911,00
VPSI11;0,00;0,180939;0,00;21,43;;;1,38;29,87;;172.974.133,15;53,00;Passiva;8.071.897,00
JPPA11;100,52;1,400000;19,37;97,85;1,03;313.763,21;14,50;32,63;0,51;88.456.979,33;7.680,00;Ativa;904.050,00
VCRI11;8,32;0,110000;13,52;9,47;0,88;325.262,96;6,55;;;168.271.942,79;6.565,00;Ativa;17.773.297,00
CEOC11;54,30;0,644855;11,72;78,73;0,69;50.685,82;2,29;2,95;-12,14;142.951.482,39;4.928,00;Passiva;1.815.696,00
DOMC11;439,00;;0,00;107,82;4,07;;0,55;;-7,12;263.485.516,14;1.185,00;Ativa;2.443.800,00
FIIP11B;142,95;1,350000;11,14;186,29;0,77;84.498,21;1,43;-8,41;-3,71;172.719.505,49;8.066,00;Passiva;927.162,00
SHPH11;671,00;3,400000;6,33;894,42;0,75;110.892,93;1,15;3,27;-8,47;544.656.433,68;2.598,00;Passiva;608.950,00
QAGR11;41,03;0,420000;11,86;55,83;0,73;312.377,86;1,62;5,78;-22,63;281.368.849,24;24.367,00;Ativa;5.040.000,00
FCAS11;0,00;0,121915;0,00;60,79;;;186,17;;;80.684.223,04;2,00;Passiva;1.327.300,00
KCRE11;90,71;0,870000;11,90;97,46;0,93;467.763,32;12,91;;;350.855.789,03;4.543,00;Ativa;3.600.000,00
VLOL11;92,30;0,610000;7,72;111,33;0,83;141.815,29;1,31;10,38;-5,62;198.706.747,67;3.167,00;Passiva;1.784.828,00
RCRI11B;1.200,00;12,481836;0,00;365,40;3,28;;70,80;;;18.639.596,10;149,00;Ativa;51.012,00
MFII11;93,23;1,100000;14,28;103,14;0,90;285.259,96;1,11;2,86;-6,35;427.711.423,54;28.587,00;Ativa;4.146.900,00
XPHT11;106,00;1,100000;10,14;94,33;1,12;76.296,36;1,97;;1,96;358.896.011,03;1.274,00;Ativa;3.804.642,00
XPHT12;31,50;;0,00;94,33;0,33;24.744,68;1,97;;-32,18;358.896.011,03;1.274,00;Ativa;3.804.642,00
RBTS11;1.121,00;17,084519;25,51;1.095,85;1,02;22.420,00;2,15;;;61.943.113,63;57,00;Ativa;56.525,00
RNDP11;144,50;0,330000;20,06;192,72;0,75;7.965,43;5,44;-10,96;-47,35;20.713.235,06;1.129,00;Ativa;107.481,00
LLAO11;0,00;;0,00;100,45;;;30,78;;;36.275.691,14;78,00;Ativa;361.140,00
BRLA11;138,85;1,093000;8,58;158,06;0,88;1.429,00;0,20;;;446.913.898,67;245,00;Passiva;2.827.545,00
SBCL11;0,00;;0,00;956,61;;;141,69;;;28.698.440,86;2,00;Ativa;30.000,00
PORD11;83,94;1,050000;17,27;97,51;0,86;720.620,43;14,77;17,45;-5,67;363.550.200,18;22.564,00;Ativa;3.728.375,00
LAVF11;0,00;1,300000;0,00;3,10;;;105,97;;;138.094,40;7,00;Ativa;44.600,00
RBRF11;64,44;0,630000;10,65;79,98;0,81;1.950.663,07;1,74;-1,61;-13,69;1.094.140.071,99;96.974,00;Ativa;13.680.770,00
FIGS11;47,80;0,390000;9,60;76,32;0,63;135.601,36;1,97;26,45;-10,20;217.509.161,41;15.645,00;Passiva;2.850.000,00
APXM11;0,00;;0,00;99,60;;;100,21;;;17.928.589,10;39,00;--;180.010,00
LVBI11;93,50;0,720000;9,52;115,49;0,81;1.784.062,36;0,76;10,39;-4,98;1.359.913.037,98;67.265,00;Ativa;11.775.177,00
BICE11;999,00;12,630000;9,21;971,25;1,03;84.089,90;4,59;;;69.228.822,25;105,00;Ativa;71.278,00
BTRA11;85,02;0,950000;11,65;138,69;0,61;492.815,82;6,94;;;466.641.228,30;20.770,00;Ativa;3.364.559,00
BLMO11;21.775,00;50,000000;1,58;33.386,10;0,65;1.049.935,00;1,99;;;126.767.015,42;95,00;Ativa;3.797,00
LUGG11;71,83;0,580000;9,24;117,57;0,61;27.273,29;3,62;5,47;-8,90;132.936.011,23;4.315,00;Ativa;1.130.706,00
CCME11;99,58;0,850000;4,41;100,88;0,99;265,00;52,25;;;251.706.224,82;79,00;Ativa;2.495.084,00
RBBV11;100,00;0,224057;0,00;100,84;0,99;;1,01;75,40;5,53;126.470.249,69;3.475,00;Passiva;1.254.164,00
TJKB11;0,00;2,530000;0,00;267,10;;;0,08;;;202.188.180,59;52,00;Ativa;756.974,00
SHDP11B;0,00;10,771608;0,00;1.291,48;;;2,27;7,82;;1.895.624.368,33;3,00;Passiva;1.467.793,00
JBFO11;92,01;0,540000;7,65;81,24;1,13;55.206,00;1,42;;;103.908.800,93;363,00;Ativa;1.279.070,00
EVBI11;93,89;0,750000;9,59;99,84;0,94;20.752,93;13,22;;;167.054.672,37;1.130,00;Ativa;1.673.280,00
KFOF11;76,95;0,720000;10,99;88,14;0,87;818.800,39;0,92;11,22;-8,67;399.581.482,68;12.384,00;Ativa;4.533.315,00
ITIT11;73,40;0,580000;9,40;74,57;0,98;85.831,79;0,31;;;67.150.606,57;8.972,00;Passiva;900.494,00
LGCP11;73,00;0,600000;10,08;102,77;0,71;250.475,25;0,82;8,45;-9,35;280.850.190,46;14.950,00;Ativa;2.732.860,00
MGRI11;0,00;1,510000;0,00;119,65;;;19,93;;;26.323.506,37;1,00;Ativa;220.000,00
BTAL11;84,80;0,830000;11,71;104,79;0,81;880.374,64;3,43;;;626.919.387,32;43.979,00;Ativa;5.982.736,00
TCPF11;1,26;1,230000;1.615,08;129,52;0,01;;6,31;;;38.509.524,76;51,00;Ativa;297.327,00
DEVA11;73,21;0,900000;17,80;101,17;0,72;3.833.991,29;5,83;;;1.420.869.973,77;132.215,00;Ativa;14.044.908,00
RBVO11;9,26;0,020000;3,10;17,11;0,54;1.669,86;5,88;-36,74;-25,62;8.828.054,19;2.804,00;--;515.824,00
AIEC11;63,05;0,750000;15,02;94,22;0,67;351.877,86;0,98;;;454.619.127,52;12.407,00;Ativa;4.824.987,00
CXRI11;61,01;0,560000;10,92;80,43;0,76;17.260,54;4,09;-13,57;-63,26;126.744.425,48;2.458,00;Ativa;1.575.760,00
MGFF11;53,72;0,540000;12,38;69,60;0,77;795.945,00;1,69;-1,10;-16,72;629.917.970,04;51.350,00;Ativa;9.050.620,00
GESE11B;1.520,00;14,738389;10,72;1.772,41;0,86;;1,29;24,96;;92.165.204,01;55,00;Passiva;52.000,00
TGAR11;115,51;1,310000;15,18;132,16;0,87;3.937.931,89;2,52;9,75;-0,71;1.821.734.452,51;97.653,00;Ativa;13.784.500,00
RRCI11;82,51;1,050000;16,36;90,71;0,91;72.074,86;0,39;;;43.697.787,94;2.412,00;Ativa;481.757,00
MANA11;9,40;0,110000;10,53;9,66;0,97;168.832,32;15,42;;;189.175.101,32;2.263,00;Ativa;19.592.872,00
CVPR11;0,00;1,000000;0,00;94,98;;;9,95;;;13.296.830,73;2,00;Ativa;140.000,00
CXTL11;376,01;1,653583;2,02;475,56;0,79;3.446,48;4,24;1,54;2,91;25.488.675,98;609,00;Passiva;53.597,00
HCHG11;80,60;1,000000;14,08;101,43;0,79;20.766,71;2,28;;;121.717.495,82;647,00;Ativa;1.200.000,00
CRFF11;62,71;0,610000;11,56;81,80;0,77;17.436,50;2,20;13,49;-14,12;56.441.962,29;1.663,00;Ativa;690.040,00
VGIP11;83,07;0,800000;13,29;90,34;0,92;2.159.217,14;2,19;;1,69;1.064.809.460,78;86.311,00;Ativa;11.787.247,00
RBED11;122,20;1,260000;11,85;144,32;0,85;134.665,96;6,94;6,26;-6,50;333.340.143,36;12.791,00;Ativa;2.309.786,00
HBTT11;1.055,00;16,580000;0,00;0,00;;;;;-2,83;0,00;0,00;Ativa;0,00
HMOC11;226,95;23,800000;0,00;238,79;0,95;;0,67;122,18;-0,30;91.223.530,50;209,00;Passiva;382.017,00
TEPP11;66,11;0,500000;9,00;95,56;0,69;639.380,21;0,35;0,06;-11,04;403.454.125,82;10.170,00;Ativa;4.221.967,00
CVBI11;88,36;1,000000;14,07;93,91;0,94;1.940.077,96;2,96;3,44;-1,82;1.033.955.309,88;71.974,00;Ativa;11.010.228,00
GZIT11;0,00;;0,00;86,78;;;2,57;;;1.837.503.376,53;1,00;Ativa;21.173.640,00
XPLG11;93,24;0,740000;9,20;114,32;0,82;3.483.956,46;1,71;7,59;-6,21;3.098.182.791,95;306.167,00;Ativa;27.101.061,00
TSER11;100,00;0,980000;10,94;99,18;1,01;2.447.285,80;3,06;;;119.509.235,79;26,00;Ativa;1.205.000,00
FVBI11;94,97;0,369573;0,00;0,00;;;;142,93;-15,61;0,00;0,00;Passiva;0,00
GRLV11;104,51;0,170000;0,00;5,97;17,51;;2.489,44;135,25;-4,63;6.407.890,29;2.604,00;Passiva;1.073.530,00
FPNG11;68,62;0,750000;12,08;170,63;0,40;754,50;1,50;13,30;;174.442.790,18;67,00;Ativa;1.022.344,00
FIVN11;3,26;;0,00;7,69;0,42;18.904,82;0,00;;-21,93;72.396.365,96;4.017,00;Passiva;9.412.630,00
HCRI11;236,02;2,510342;7,39;307,93;0,77;48.493,32;2,00;2,77;-12,01;61.586.036,37;3.083,00;Passiva;200.000,00
MATV11;82,00;1,000000;15,73;90,92;0,90;13.515,67;5,44;;;38.728.378,71;300,00;Ativa;425.968,00
NCHB11;82,70;1,020000;18,33;89,37;0,93;378.037,36;5,61;9,34;;151.737.387,61;12.079,00;Ativa;1.697.932,00
HPDP11;72,93;0,450000;7,50;89,12;0,82;2.180,75;0,66;;-6,77;259.220.664,37;387,00;Passiva;2.908.813,00
IRDM11;87,40;0,947851;13,57;92,33;0,95;5.357.090,36;5,13;1,16;-5,74;3.364.084.224,58;279.684,00;Ativa;36.433.827,00
VIDS11;0,00;;0,00;928,36;;;2,76;;;70.940.416,95;199,00;Ativa;76.415,00
DRIT11B;90,00;0,450000;8,10;132,30;0,68;567,69;0,11;15,76;-21,63;61.293.830,55;357,00;Ativa;463.277,00
FAED11;146,50;1,613926;12,71;217,61;0,67;49.545,93;1,71;6,30;-9,55;139.744.150,04;4.783,00;Passiva;642.168,00
BRIP11;1.000,00;107,000000;10,70;974,23;1,03;215.855,18;15,28;;;201.153.616,78;243,00;Ativa;206.474,00
RFOF11;66,00;0,700000;12,64;77,49;0,85;67.858,43;1,89;16,04;-10,86;83.550.737,06;5.226,00;Ativa;1.078.164,00
SIGR11;100,00;1,118734;4,17;96,71;1,03;5.000,00;21,35;;;37.656.928,90;51,00;Ativa;389.395,00
NVIF11B;227,50;0,444576;2,35;317,53;0,72;;12,63;-20,63;;107.134.679,57;7,00;Ativa;337.399,00
AFHI11;93,70;1,050000;15,17;94,90;0,99;698.897,46;8,77;;;286.551.061,59;18.753,00;Ativa;3.019.453,00
EXES11;103,05;0,930000;5,85;100,78;1,02;2.679,00;1,47;;;26.682.150,18;61,00;Ativa;264.769,00
ASMT11;68,69;0,770000;13,74;84,20;0,82;2.626,11;4,25;;;85.655.510,06;339,00;Ativa;1.017.316,00
HGBS11;177,51;1,400000;8,96;221,39;0,80;2.015.534,57;0,67;38,31;-10,79;2.213.923.649,27;91.264,00;Ativa;10.000.000,00
HGPO11;246,19;1,600000;7,35;299,36;0,82;319.568,04;0,83;17,14;7,19;524.799.753,54;9.042,00;Passiva;1.753.057,00
PNDL11;0,00;;0,00;899,13;;;38,20;;;58.712.394,86;55,00;Ativa;65.299,00
RVBI11;68,94;0,750000;13,05;82,48;0,84;207.240,04;1,12;11,86;-6,00;118.775.061,25;12.171,00;Ativa;1.440.000,00
KNCR11;98,11;1,000000;13,61;100,74;0,97;10.077.634,86;5,62;52,96;-0,85;5.752.156.652,13;199.159,00;Ativa;57.097.087,00
LFTT11;68,00;3,668145;8,93;38,25;1,78;83.985,32;13,03;;;283.216.343,77;379,00;Ativa;7.404.543,00
IRIM11;90,30;1,015216;14,40;97,68;0,92;51.826,75;7,35;;;187.541.680,91;2.921,00;Ativa;1.920.000,00
RBRS11;52,75;0,400000;10,20;94,08;0,56;5.863,08;2,47;;;163.159.603,33;1.232,00;Ativa;1.734.299,00
CTXT11;11,46;0,010000;0,00;34,12;0,34;3.476,57;2,65;-23,80;-39,98;107.663.274,28;3.181,00;Passiva;3.155.589,00
FIIB11;436,49;3,250000;9,61;460,48;0,95;280.959,68;1,21;14,09;-3,04;315.429.737,15;17.037,00;Passiva;685.000,00
FISC11;165,00;0,380000;1,10;115,19;1,43;;0,91;;;195.826.719,93;66,00;Ativa;1.699.996,00
BPRP11;91,27;0,916654;11,49;109,14;0,84;91,00;0,18;4,80;-2,67;147.314.892,21;178,00;Passiva;1.349.837,00
BTLG11;94,74;0,740000;9,37;98,65;0,96;3.802.723,82;3,74;11,36;0,19;2.078.328.124,28;209.120,00;Ativa;21.066.892,00
RBDS11;3,40;2,354143;0,00;20,10;0,17;223,05;28,34;18,99;-53,23;2.543.063,78;961,00;Ativa;126.523,00
PBLV11;926,98;39,191985;7,89;1.527,33;0,61;;2,09;;;5.681.719.103,10;2,00;Ativa;3.720.045,00
PLOG11;70,22;0,750000;12,86;106,36;0,66;62.821,46;2,78;;;79.769.186,58;3.295,00;Ativa;750.000,00
LSPA11;107,33;0,730000;8,26;114,35;0,94;2.259.296,50;0,92;;;46.255.970,72;224,00;Ativa;404.500,00
ANCR11B;3.450,00;21,038620;4,49;3.442,69;1,00;;0,64;;;1.553.043.909,36;67,00;Ativa;451.113,00
ELDO11B;762,38;0,600000;13,35;1.439,17;0,53;;0,27;6,94;;1.132.994.231,53;60,00;Passiva;787.256,00
BRCO11;92,47;0,620000;8,67;121,44;0,76;2.470.401,50;1,23;6,59;-7,01;1.794.750.559,87;112.470,00;Ativa;14.778.781,00
RCRB11;114,01;0,740000;7,47;208,47;0,55;514.581,86;1,63;-6,73;-13,48;769.415.100,83;30.253,00;Ativa;3.690.695,00
BTCR11;88,00;0,900000;10,09;95,27;0,92;652.774,65;8,00;32,78;-1,47;458.252.683,73;16.934,00;Ativa;4.810.097,00
YUFI11;100,00;0,234167;1,99;103,59;0,97;283,83;12,15;;;51.031.566,94;42,00;Ativa;492.650,00
ORPD11;93,00;1,379310;0,00;147,93;0,63;402,75;0,00;;-5,15;42.900.966,32;6,00;Ativa;290.000,00
KNSC11;85,43;0,870000;12,79;88,06;0,97;3.583.258,68;4,85;;;1.169.001.887,90;87.493,00;Ativa;13.275.794,00
SAIC11B;37,88;0,662215;0,00;55,75;0,68;947,00;3,98;;-14,21;79.705.087,59;50,00;Passiva;1.429.740,00
IDFI11;53,83;0,501856;16,90;55,43;0,97;3.762,32;10,36;;;114.073.776,01;231,00;Ativa;2.057.925,00
VGIR11;9,76;0,130000;14,13;9,63;1,01;4.214.086,89;8,65;38,89;2,74;994.290.044,44;127.271,00;Ativa;103.220.707,00
BZEL11;0,00;;0,00;118,84;;;0,02;;;420.456.721,00;3,00;Ativa;3.538.046,00
GURB11;101,00;1,400000;4,42;107,75;0,94;25.249,00;3,14;;;122.309.991,64;15,00;Ativa;1.135.160,00
VTPA11;0,00;;0,00;100,96;;;0,13;;;65.626.755,76;1,00;Ativa;650.000,00
VCJR11;87,42;0,950000;12,85;94,35;0,93;1.426.343,86;4,63;13,36;-4,38;1.389.190.344,58;13.874,00;Ativa;14.723.970,00
SARE11;58,47;0,630000;13,17;94,11;0,62;1.494.770,29;7,94;28,23;-11,72;869.065.060,53;34.637,00;Ativa;9.234.329,00
KEVE11;990,02;3,046696;1,25;928,11;1,07;5.048,83;2,21;;;137.082.140,88;434,00;Passiva;147.700,00
JPPC11;130,00;0,170000;5,52;364,55;0,36;3.250,00;8,57;;;20.050.043,64;90,00;Ativa;55.000,00
RBIR11;60,00;0,458434;1,16;95,18;0,63;52.384,80;0,25;;-7,18;145.499.599,99;1.415,00;Ativa;1.528.615,00
HUSI11;1.137,61;7,826837;6,97;993,99;1,14;4.957,75;2,03;;;115.662.727,67;85,00;Ativa;116.362,00
MCCI11;84,99;0,950000;13,88;92,00;0,92;4.533.663,18;3,45;20,04;-4,96;1.560.313.254,44;106.391,00;Ativa;16.960.024,00
RBRM11;94.794,81;2.076,241121;44,82;47.003,14;2,02;;6,08;;;25.334.690,59;54,00;--;539,00
XPML11;99,27;0,770000;8,78;100,94;0,98;3.827.435,43;8,11;23,02;-2,16;2.151.430.403,56;300.598,00;Ativa;21.314.099,00
FISD11;0,00;6,526269;0,00;74,45;;;0,00;;;79.858.015,12;24,00;Ativa;1.072.588,00
ATCR11;0,00;0,226651;0,00;80,77;;;0,51;;;75.029.761,46;33,00;Ativa;928.908,00
SCPF11;5,12;0,047000;4,32;11,69;0,44;3.483,36;2,63;-27,81;-22,36;49.080.141,51;5.086,00;Ativa;4.200.000,00
XPCM11;14,14;0,120000;13,08;43,81;0,32;64.287,36;7,18;-43,63;-32,46;105.773.099,94;27.576,00;Passiva;2.414.570,00
BVAR11;0,00;12,910000;0,00;1.188,29;;;0,20;11,06;;743.320.271,01;69,00;Passiva;625.540,00
ARRI11;8,97;0,070000;16,41;8,85;1,01;391.829,61;7,55;22,13;1,85;108.250.162,27;21.209,00;Ativa;12.228.577,00
ABCP11;66,98;0,500000;9,00;91,51;0,73;66.025,50;1,78;8,10;-11,00;430.917.128,00;19.308,00;Passiva;4.709.082,00
ATWN11;0,00;;0,00;581,27;;;1,41;;;93.443.264,46;2,00;Passiva;160.757,00
PRSN11B;2,00;0,171678;8,58;4,76;0,42;735,14;20,12;;-15,54;15.378.787,72;763,00;Ativa;3.231.246,00
LATR11B;9,50;14,503964;0,00;10,75;0,88;57,00;101,52;;-72,95;1.333.900,04;166,00;Ativa;124.104,00
NEWU11;69,60;0,100000;0,53;68,79;1,01;7.871,46;1,35;53,51;;51.045.127,14;1.656,00;Ativa;742.000,00
FAMB11B;728,00;9,160000;0,00;2.991,78;0,24;46.231,27;2,12;-9,82;-33,54;313.538.497,89;2.781,00;Passiva;104.800,00
RZAK11;95,58;1,200000;18,68;93,29;1,02;3.595.619,75;3,95;;;521.840.168,96;30.505,00;Ativa;5.593.823,00
VCRR11;70,25;0,670000;11,44;128,25;0,55;127.019,00;0,98;;;256.508.987,83;3.001,00;Ativa;2.000.000,00
HSLG11;76,40;0,720000;10,67;104,88;0,73;656.575,93;5,01;;;1.327.747.793,11;24.279,00;Ativa;12.660.067,00
